{
  "displayManager": {
    "enabled": false,
    "brightness_DP-1": 50.907722848360656,
    "contrast_DP-1": 51.48085297131148
  }
}